{
  "generator-jhipster": {
    "baseName": "reactFront",
    "clientFramework": "react",
    "clientTestFrameworks": ["cypress"],
    "clientTheme": "none",
    "creationTimestamp": 1740111716805,
    "cypressAudit": true,
    "cypressCoverage": null,
    "enableTranslation": true,
    "entities": [],
    "jhipsterVersion": "8.9.0",
    "languages": ["ja", "zh-cn", "en"],
    "microfrontend": null,
    "microfrontends": [],
    "nativeLanguage": "ja",
    "skipServer": true,
    "testFrameworks": ["cypress"],
    "withAdminUi": true
  }
}
