<?xml version="1.0" encoding="UTF-8"?>
<entity-mappings
	xmlns="http://www.eclipse.org/eclipselink/xsds/persistence/orm"
	xmlns:xsi="http://www.w3.org/2001/XMLSchema-instance"
	xsi:schemaLocation="http://www.eclipse.org/eclipselink/xsds/persistence/orm http://www.eclipse.org/eclipselink/xsds/eclipselink_orm_2_1.xsd"
	version="2.1">

	<entity class="wpapp.dm.DmT_NUM">
		<table name="T_NUM" schema="acvs"/>
	</entity>
	<entity class="wpapp.dm.DmV_BJ010100C_S1">
		<table name="V_BJ010100C_S1" schema="acvs"/>
	</entity>
	<entity class="wpapp.dm.DmV_BJ010100S_S01">
		<table name="V_BJ010100S_S01" schema="acvs"/>
	</entity>
	<entity class="wpapp.dm.DmV_BJ010100S_S1">
		<table name="V_BJ010100S_S1" schema="acvs"/>
	</entity>
	<entity class="wpapp.dm.DmV_BJ010100S_S10">
		<table name="V_BJ010100S_S10" schema="acvs"/>
	</entity>
	<entity class="wpapp.dm.DmV_BJ010200E_S1">
		<table name="V_BJ010200E_S1" schema="acvs"/>
	</entity>
	<entity class="wpapp.dm.DmV_BJ010200E_S14">
		<table name="V_BJ010200E_S14" schema="acvs"/>
	</entity>
	<entity class="wpapp.dm.DmV_BJ010200E_S18">
		<table name="V_BJ010200E_S18" schema="acvs"/>
	</entity>
	<entity class="wpapp.dm.DmV_BJ010200E_S5">
		<table name="V_BJ010200E_S5" schema="acvs"/>
	</entity>
	<entity class="wpapp.dm.DmV_BJ010200E_S8">
		<table name="V_BJ010200E_S8" schema="acvs"/>
	</entity>
	<entity class="wpapp.dm.DmWK_T_KOSHUKAI">
		<table name="WK_T_KOSHUKAI" schema="acvs"/>
	</entity>
	<entity class="wpapp.dm.DmV_BJ020100S_S1">
		<table name="V_BJ020100S_S1" schema="acvs"/>
	</entity>
	<entity class="wpapp.dm.DmV_BJ020100S_S1_2">
		<table name="V_BJ020100S_S1_2" schema="acvs"/>
	</entity>
	<entity class="wpapp.dm.DmV_BJ020200E_S1">
		<table name="V_BJ020200E_S1" schema="acvs"/>
	</entity>
	<entity class="wpapp.dm.DmV_BJ020200E_S2">
		<table name="V_BJ020200E_S2" schema="acvs"/>
	</entity>
	<entity class="wpapp.dm.DmV_BJ030100S_S1">
		<table name="V_BJ030100S_S1" schema="acvs"/>
	</entity>
	<entity class="wpapp.dm.DmV_BJ030200E_S1">
		<table name="V_BJ030200E_S1" schema="acvs"/>
	</entity>
	<entity class="wpapp.dm.DmV_BJ990200E_S1">
		<table name="V_BJ990200E_S1" schema="acvs"/>
	</entity>
	<entity class="wpapp.dm.DmV_BJ990200S_S1">
		<table name="V_BJ990200S_S1" schema="acvs"/>
	</entity>
	<entity class="wpapp.dm.DmV_BJ990300S_S1">
		<table name="V_BJ990300S_S1" schema="acvs"/>
	</entity>
	<entity class="wpapp.dm.DmCOMMON_BY_KOSHU_KBN">
		<table name="COMMON_BY_KOSHU_KBN" schema="acvs"/>
	</entity>
	<entity class="wpapp.dm.DmCOMMON_HOUMEN_TANTO">
		<table name="COMMON_HOUMEN_TANTO" schema="acvs"/>
	</entity>
	<entity class="wpapp.dm.DmCOMMON_SHOZOKU">
		<table name="COMMON_SHOZOKU" schema="acvs"/>
	</entity>
	<entity class="wpapp.dm.DmV_YUSEI">
		<table name="V_YUSEI" schema="acvs"/>
	</entity>
	<entity class="wpapp.dm.DmM_CONST">
		<table name="M_CONST" schema="acvs"/>
	</entity>
	<entity class="wpapp.dm.DmM_HOUMEN">
	</entity>
	<entity class="wpapp.dm.DmM_KYOUZAI">
		<table name="M_KYOUZAI" schema="acvs"/>
	</entity>
	<entity class="wpapp.dm.DmM_LOGIN">
		<table name="M_LOGIN" schema="acvs"/>
	</entity>
	<entity class="wpapp.dm.DmM_SAIBAN">
		<table name="M_SAIBAN" schema="acvs"/>
	</entity>
	<entity class="wpapp.dm.DmT_JYUKOUSHA_KYOUZAI">
	</entity>
	<entity class="wpapp.dm.DmT_KOSHUKAI">
		<table name="T_KOSHUKAI" schema="acvs"/>
	</entity>
	<entity class="wpapp.dm.DmT_SEIKYU">
	</entity>
	<entity class="wpapp.dm.DmV_WJ030100S_S4">
		<table name="V_WJ030100S_S4" schema="acvs"/>
	</entity>

</entity-mappings>
