<?xml version="1.0" encoding="UTF-8"?>
<!--  
# log4j configuration file that outputs both to System.out
# and a file named 'WpApp.log'.

# For the general syntax of property based configuration files see the
# documenation of org.apache.log4j.PropertyConfigurator.

# WARNING: Location information can be useful but is very costly in
# terms of computation.
-->
<Configuration status="off">
	<appenders>
		<!-- # A1 is set to be ConsoleAppender sending its output to System.out-->
		<Console name="A1" target="SYSTEM_OUT">
			<!-- # A1 uses PatternLayout.-->
			<PatternLayout pattern="%d{MM/dd HH:mm:ss} [%-5p] - %-80m  (%F:%L)%n" />
		</Console>
		<!-- # Appender A2 writes to the file "WpApp.log". -->
		<!-- # Truncate 'test' if it already exists. -->
		<File name="A2" fileName="WpApp.log" append="false">
			<!-- # Appender A2 uses the PatternLayout. -->
			<PatternLayout pattern="%d %-5p [%t] - %m\t(%F:%L)%n"/>
		</File>
		<!-- # Appender OPE_LOG
		<Console name="OPE_LOG" target="SYSTEM_OUT">
			<PatternLayout pattern="[%X{category}] [%X{timing}] [%X{user}] [%X{iocode}] [%X{ioitemcode}] [%X{time}] [%X{status}] [%X{invalid}] [%X{deftype}] [%X{defcode}] [%X{code}] - %enc{ %msg }{CRLF}%n" />
		</Console>
		-->
	</appenders>

<!--  
# The root category uses the appenders called A1 and A2. Since no
# priority is set, the root category assumes the default which is
# DEBUG
-->
	<Loggers>
		<Root level="WARN" additivity="false">
			<AppenderRef ref="A1"/>
	 		<AppenderRef ref="A2"/>
		</Root>
<!--  
		<Logger name="jp.co.canon_its.wp.runtime" level="INFO" additivity="false">
	 		<AppenderRef ref="A1"/>
	 		<AppenderRef ref="A2"/>
		</Logger>
		<Logger name="jp.co.canon_soft.wp.runtime" level="INFO" additivity="false">
	 		<AppenderRef ref="A1"/>
	 		<AppenderRef ref="A2"/>
		</Logger>
		<Logger name="wpapp" level="INFO" additivity="false">
	 		<AppenderRef ref="A1"/>
	 		<AppenderRef ref="A2"/>
		</Logger>
-->
<!--
		<Logger name="CHAT_LOG" level="INFO" additivity="false">
	 		<AppenderRef ref="A1"/>
	 		<AppenderRef ref="A2"/>
		</Logger>
-->
<!--
		<Logger name="OPE_LOG.open.start" level="INFO" additivity="false"><AppenderRef ref="OPE_LOG"/></Logger>
		<Logger name="OPE_LOG.open.end" level="INFO" additivity="false"><AppenderRef ref="OPE_LOG"/></Logger>
		<Logger name="OPE_LOG.open.responsetime" level="INFO" additivity="false"><AppenderRef ref="OPE_LOG"/></Logger>
		<Logger name="OPE_LOG.action.start" level="INFO" additivity="false"><AppenderRef ref="OPE_LOG"/></Logger>
		<Logger name="OPE_LOG.action.end" level="INFO" additivity="false"><AppenderRef ref="OPE_LOG"/></Logger>
		<Logger name="OPE_LOG.action.responsetime" level="INFO" additivity="false"><AppenderRef ref="OPE_LOG"/></Logger>
		<Logger name="OPE_LOG.actionPage.start" level="INFO" additivity="false"><AppenderRef ref="OPE_LOG"/></Logger>
		<Logger name="OPE_LOG.actionPage.end" level="INFO" additivity="false"><AppenderRef ref="OPE_LOG"/></Logger>
		<Logger name="OPE_LOG.actionPage.responsetime" level="INFO" additivity="false"><AppenderRef ref="OPE_LOG"/></Logger>
		<Logger name="OPE_LOG.actionLineJump.start" level="INFO" additivity="false"><AppenderRef ref="OPE_LOG"/></Logger>
		<Logger name="OPE_LOG.actionLineJump.end" level="INFO" additivity="false"><AppenderRef ref="OPE_LOG"/></Logger>
		<Logger name="OPE_LOG.actionLineJump.responsetime" level="INFO" additivity="false"><AppenderRef ref="OPE_LOG"/></Logger>
		<Logger name="OPE_LOG.actionPageRows.start" level="INFO" additivity="false"><AppenderRef ref="OPE_LOG"/></Logger>
		<Logger name="OPE_LOG.actionPageRows.end" level="INFO" additivity="false"><AppenderRef ref="OPE_LOG"/></Logger>
		<Logger name="OPE_LOG.actionPageRows.responsetime" level="INFO" additivity="false"><AppenderRef ref="OPE_LOG"/></Logger>
		<Logger name="OPE_LOG.actionSort.start" level="INFO" additivity="false"><AppenderRef ref="OPE_LOG"/></Logger>
		<Logger name="OPE_LOG.actionSort.end" level="INFO" additivity="false"><AppenderRef ref="OPE_LOG"/></Logger>
		<Logger name="OPE_LOG.actionSort.responsetime" level="INFO" additivity="false"><AppenderRef ref="OPE_LOG"/></Logger>
		<Logger name="OPE_LOG.actionAdd.start" level="INFO" additivity="false"><AppenderRef ref="OPE_LOG"/></Logger>
		<Logger name="OPE_LOG.actionAdd.end" level="INFO" additivity="false"><AppenderRef ref="OPE_LOG"/></Logger>
		<Logger name="OPE_LOG.actionAdd.responsetime" level="INFO" additivity="false"><AppenderRef ref="OPE_LOG"/></Logger>
		<Logger name="OPE_LOG.fieldChange.start" level="INFO" additivity="false"><AppenderRef ref="OPE_LOG"/></Logger>
		<Logger name="OPE_LOG.fieldChange.end" level="INFO" additivity="false"><AppenderRef ref="OPE_LOG"/></Logger>
		<Logger name="OPE_LOG.fieldChange.responsetime" level="INFO" additivity="false"><AppenderRef ref="OPE_LOG"/></Logger>
		<Logger name="OPE_LOG.def.start" level="INFO" additivity="false"><AppenderRef ref="OPE_LOG"/></Logger>
		<Logger name="OPE_LOG.def.end" level="INFO" additivity="false"><AppenderRef ref="OPE_LOG"/></Logger>
		<Logger name="OPE_LOG.check" level="INFO" additivity="false"><AppenderRef ref="OPE_LOG"/></Logger>
		<Logger name="OPE_LOG.action.result" level="INFO" additivity="false"><AppenderRef ref="OPE_LOG"/></Logger>
-->
	</Loggers>
</Configuration>
